file_bytes,entropy_cover,entropy_stego,entropy_delta_pct,gzip_ratio_cover,gzip_ratio_stego,gzip_ratio_delta_pct,chi2_uniform_cover,chi2_uniform_stego,chi2_uniform_p_cover,chi2_uniform_p_stego,chi2_homogeneity_cover_vs_stego,chi2_homogeneity_p,chi2_homogeneity_active_bins,chi2_homogeneity_merged_bins,chi2_homogeneity_df,chi2_homogeneity_min_expected,ks_cover_vs_stego,ks_p,kl_stego_vs_cover,kl_cover_vs_stego,js_cover_stego,diff_variance,modified_ratio,window_n,window_entropy_delta_pct_mean,window_gzip_delta_pct_mean,window_modified_ratio_mean,window_kl_stego_vs_cover_mean,window_js_cover_stego_mean,config,filename,k,hidden_bytes,pad_bytes,psk_run,psk_hex
10754164,1.0149852888389481,1.0153802320054248,0.03891122076542427,0.06772548754138397,0.06776324035973415,0.0557438856783604,2309412432.935982,2309243292.0483437,0.0,0.0,0.1670885824721247,1.0,256,256,255,2007.0,3.347540543363614e-05,1.0,2.241944237910156e-08,2.2411173797067394e-08,5.603826678050039e-09,0.7566586954205932,3.403332885754764e-05,57203,0.17627189486314807,0.02389152084098153,3.403332885754764e-05,0.0013412097260992318,2.7622423878774424e-05,k3_h1024_pad0,hls_seg000.ts,3,1024,0,psk01,32bd90f76be5237c778bcf7da3a4af14c9189ecba4758c147ebdbc8e6c7ffdcf
6070896,0.8450959938239815,0.8458189238102879,0.08554412653587637,0.05812403968046891,0.058187621728324784,0.10939027673473405,1345091383.973708,1344919103.5783582,0.0,0.0,0.4164421839637636,1.0,256,256,255,721.0,5.9464039575019e-05,1.0,9.901274033799206e-08,9.891508704261995e-08,2.474096700381789e-08,1.279156677523184,6.0452361562444816e-05,32292,0.309667242962361,0.04232214377141913,6.0452361562444816e-05,0.002380807004138194,4.811731508997015e-05,k3_h1024_pad0,hls_seg001.ts,3,1024,0,psk01,32bd90f76be5237c778bcf7da3a4af14c9189ecba4758c147ebdbc8e6c7ffdcf
6071084,0.8162456976536696,0.8169692329873192,0.08864185572179806,0.055653158480429524,0.05571624441368296,0.11335553089160513,1352118008.176588,1351946715.4852507,0.0,0.0,0.4130830527890046,1.0,256,256,255,698.0,5.8968052492724965e-05,1.0,9.820936277717684e-08,9.811583244087845e-08,2.454063895844446e-08,1.3079684548123052,5.99563438753277e-05,32293,0.31016132813785396,0.04255021441408584,5.99563438753277e-05,0.002356591267965332,4.758438338788583e-05,k3_h1024_pad0,hls_seg002.ts,3,1024,0,psk01,32bd90f76be5237c778bcf7da3a4af14c9189ecba4758c147ebdbc8e6c7ffdcf
12147432,0.9700838251581972,0.9704358056106431,0.0362835090450548,0.06879100043531834,0.06883092656950045,0.05803976382004596,2631517566.597956,2631348153.663175,0.0,0.0,0.15334341562302148,1.0,256,256,255,1894.5,2.955357148737292e-05,1.0,1.8214996720005527e-08,1.8208802078818663e-08,4.552974607177906e-09,0.6566891366257945,3.004750304426483e-05,64614,0.15212783099385357,0.021151246891798474,3.0047503044264832e-05,0.0011858243126416463,2.4846542457119397e-05,k3_h1024_pad0,hls_seg003.ts,3,1024,0,psk01,32bd90f76be5237c778bcf7da3a4af14c9189ecba4758c147ebdbc8e6c7ffdcf
6072964,0.983847138311365,0.9845508892120942,0.0715305125486313,0.0698976644682893,0.06996287150722448,0.09328929576004472,1312264451.1534579,1312094320.3649786,0.0,0.0,0.3173624175481918,1.0,256,256,255,937.5,5.944379054445559e-05,1.0,7.541905604497347e-08,7.536642314376014e-08,1.884818055584216e-08,1.2988141996964195,6.043177598286438e-05,32303,0.3067971632220686,0.04253704219651654,6.043177598286438e-05,0.002370832387689162,5.088337477029801e-05,k3_h1024_pad0,hls_seg004.ts,3,1024,0,psk01,32bd90f76be5237c778bcf7da3a4af14c9189ecba4758c147ebdbc8e6c7ffdcf
6073716,0.9838627503892485,0.9845732022568298,0.07221046505726045,0.06990333430143919,0.06996507574605068,0.08832403379393508,1312419725.15648,1312249576.4443474,0.0,0.0,0.3248199035734394,1.0,256,256,255,947.5,5.960107453162333e-05,1.0,7.718316265811688e-08,7.71264264874658e-08,1.928869350059618e-08,1.3782452917289019,6.042429379312434e-05,32307,0.3062323575441114,0.04241713468815954,6.042429379312433e-05,0.0024041103547194614,5.0625510906712774e-05,k3_h1024_pad0,hls_seg005.ts,3,1024,0,psk01,32bd90f76be5237c778bcf7da3a4af14c9189ecba4758c147ebdbc8e6c7ffdcf
10754164,1.0149852888389481,1.016489437200214,0.14819410466397,0.06772548754138397,0.0678594821503559,0.19784960409483773,2309412432.935982,2308771104.104002,0.0,0.0,1.7428694179849389,1.0,256,256,255,2007.5,0.00012729952788526067,1.0,2.3391376599960482e-07,2.3370620023087347e-07,5.845247442509947e-08,2.8442372204008493,0.00012906628539419707,57203,0.6184980802778773,0.08831445644200218,0.00012906628539419707,0.005169587618057309,0.0001239779727598644,k3_h4096_pad0,hls_seg000.ts,3,4096,0,psk01,32bd90f76be5237c778bcf7da3a4af14c9189ecba4758c147ebdbc8e6c7ffdcf
6070896,0.8450959938239815,0.847691982556379,0.3071827048488202,0.05812403968046891,0.05834805933094555,0.3854165190653684,1345091383.973708,1344480510.4858572,0.0,0.0,3.84475653129783,1.0,256,256,255,724.0,0.00021298338828401597,1.0,9.146603455143228e-07,9.126922851979956e-07,2.2841861129951606e-07,4.852599614711954,0.00022830237908868806,32292,0.3576607882338601,0.1031826419329142,0.00022830237908868806,0.008708025037386111,0.00021061385644489968,k3_h4096_pad0,hls_seg001.ts,3,4096,0,psk01,32bd90f76be5237c778bcf7da3a4af14c9189ecba4758c147ebdbc8e6c7ffdcf
6071084,0.8162456976536696,0.8189969120329688,0.3370571369879956,0.055653158480429524,0.05588919540563102,0.4241213466518641,1352118008.176588,1351465905.1081572,0.0,0.0,4.0825130578213376,1.0,256,256,255,700.0,0.00022467157430205997,1.0,9.712154871215862e-07,9.690795076955374e-07,2.425363471365113e-07,4.929624335938621,0.0002284600246018668,32293,1.0956457382082672,0.15632329446468732,0.0002284600246018668,0.009089057125914343,0.000217755523855586,k3_h4096_pad0,hls_seg002.ts,3,4096,0,psk01,32bd90f76be5237c778bcf7da3a4af14c9189ecba4758c147ebdbc8e6c7ffdcf
12147432,0.9700838251581972,0.9714266259909587,0.1384211135097037,0.06879100043531834,0.06890946168704629,0.17220457760216626,2631517566.597956,2630873417.3669353,0.0,0.0,1.6469039560440066,1.0,256,256,255,1896.0,0.00011269871689745248,1.0,1.9567696782937572e-07,1.9551380087862664e-07,4.88988311288042e-08,2.4727514838196467,0.00011409818964205768,64614,0.5561799995355919,0.07898758324362681,0.00011409818964205768,0.004577418159001167,0.00010698756195313849,k3_h4096_pad0,hls_seg003.ts,3,4096,0,psk01,32bd90f76be5237c778bcf7da3a4af14c9189ecba4758c147ebdbc8e6c7ffdcf
6072964,0.983847138311365,0.9865215893558695,0.2718360343147205,0.0698976644682893,0.07014416683517308,0.3526618074565488,1312264451.1534579,1311620703.0280297,0.0,0.0,3.188713125939107,1.0,256,256,255,941.0,0.00022493135147849674,1.0,7.581292638192443e-07,7.568975162012491e-07,1.8937812260918047e-07,5.071340591537392,0.00022888329323210216,32303,1.0959280446436928,0.1563895567548479,0.00022888329323210213,0.009121892911175527,0.0002199484959184248,k3_h4096_pad0,hls_seg004.ts,3,4096,0,psk01,32bd90f76be5237c778bcf7da3a4af14c9189ecba4758c147ebdbc8e6c7ffdcf
6073716,0.9838627503892485,0.9865413987046158,0.27225833220207557,0.06990333430143919,0.0701501354360329,0.35306060441902953,1312419725.15648,1311776437.0036423,0.0,0.0,3.291262907153108,1.0,256,256,255,947.5,0.0002258913653520045,1.0,7.824485294870504e-07,7.811086822021587e-07,1.9544439319911938e-07,4.970781594403143,0.00022869031084100737,32307,1.0951498985704695,0.15648483472793992,0.00022869031084100737,0.009133571167524479,0.00021957791125975834,k3_h4096_pad0,hls_seg005.ts,3,4096,0,psk01,32bd90f76be5237c778bcf7da3a4af14c9189ecba4758c147ebdbc8e6c7ffdcf
10754164,1.0149852888389481,1.0357828408080096,2.049049596851995,0.06772548754138397,0.06955250078016292,2.697674546325787,2309412432.935982,2300585700.2947993,0.0,0.0,297.1873288671852,0.035684341437659375,256,256,255,2043.0,0.0017544831936727734,8.400865004312451e-15,4.0062638294422265e-05,3.9680204176559895e-05,9.967470351257816e-06,41.3992707647891,0.0020257269649226104,57203,7.642037589137849,1.1780332073456532,0.002025726964922611,0.07620680497607732,0.0018657228286970316,k3_h65536_pad0,hls_seg000.ts,3,65536,0,psk01,32bd90f76be5237c778bcf7da3a4af14c9189ecba4758c147ebdbc8e6c7ffdcf
6070896,0.8450959938239815,0.8880487103017581,5.082584320796455,0.05812403968046891,0.06174591032361615,6.231278250889145,1345091383.973708,1334876921.7753952,0.0,0.0,816.7157550135337,1.5577058118585285e-58,256,256,255,762.5,0.003537533833556039,2.026638764935971e-33,0.0001965409001452725,0.00019181967541007233,4.853319624971975e-05,78.5436538081369,0.0035894207378943735,32292,17.041329698583635,2.456978221873548,0.0035894207378943718,0.14348542860441896,0.003504168347433918,k3_h65536_pad0,hls_seg001.ts,3,65536,0,psk01,32bd90f76be5237c778bcf7da3a4af14c9189ecba4758c147ebdbc8e6c7ffdcf
6071084,0.8162456976536696,0.8170004725197475,0.09246907741719433,0.055653158480429524,0.05570142004294455,0.0867184609692901,1352118008.176588,1352002835.590096,0.0,0.0,21.418313914618285,1.0,256,256,255,698.0,8.153403906130396e-05,1.0,5.097291668953772e-06,5.082584882378579e-06,1.272456822153803e-06,40.190402713450105,0.0035909567385330196,32293,0.0019930389115785643,0.0003903817850547048,0.0035909567385330205,0.07029422193496337,0.0018359567990157005,k3_h65536_pad0,hls_seg002.ts,3,65536,0,psk01,32bd90f76be5237c778bcf7da3a4af14c9189ecba4758c147ebdbc8e6c7ffdcf
12147432,0.9700838251581972,0.9910952660075114,2.1659407470161365,0.06879100043531834,0.07061286698291458,2.6484082744359445,2631517566.597956,2621404531.602638,0.0,0.0,344.1535284021792,0.00016535878975158243,256,256,255,1935.0,0.0017699214121964513,5.952333926706589e-17,4.107914675396055e-05,4.0674610451447025e-05,1.0218802722506087e-05,38.50797278608635,0.0017947003119671713,64614,8.524318036903308,1.2279187287699358,0.0017947003119671713,0.07182753475138381,0.0017548820082167345,k3_h65536_pad0,hls_seg003.ts,3,65536,0,psk01,32bd90f76be5237c778bcf7da3a4af14c9189ecba4758c147ebdbc8e6c7ffdcf
6072964,0.983847138311365,1.025654528254393,4.249378619404677,0.0698976644682893,0.07351994841398697,5.182267495276627,1312264451.1534579,1302185291.7401114,0.0,0.0,670.0292179177486,2.2819541102096995e-38,256,256,255,975.0,0.003532706599281732,2.429700183274485e-33,0.00016076226102094553,0.00015768228488111642,3.979932394466125e-05,76.77480410600411,0.003585893148716179,32303,17.050162458988,2.4559122475724613,0.0035858931487161775,0.14336167934752345,0.003488758611672641,k3_h65536_pad0,hls_seg004.ts,3,65536,0,psk01,32bd90f76be5237c778bcf7da3a4af14c9189ecba4758c147ebdbc8e6c7ffdcf
6073716,0.9838627503892485,1.0220315557464736,3.8794847494860716,0.06990333430143919,0.07321761504818466,4.74123413405938,1312419725.15648,1303276717.923398,0.0,0.0,576.941678584527,1.1350277752753937e-26,256,256,255,991.5,0.003212530846025796,1.1972686335476862e-27,0.0001383349086791549,0.0001358256998291489,3.426521928803651e-05,75.60002822244023,0.0035864370345929904,32307,14.065098616629314,2.1579442736254575,0.003586437034592989,0.13774246698091544,0.003367491267178202,k3_h65536_pad0,hls_seg005.ts,3,65536,0,psk01,32bd90f76be5237c778bcf7da3a4af14c9189ecba4758c147ebdbc8e6c7ffdcf
