matrix,hidden_bytes,segments_limit,n_segments,pad_bytes,g_bytes,k,send_count,bench,rc,runner_elapsed_s,segments,segments_bytes,elapsed_s,sent_ok,sent_err,recv_count,unique_msg_ids,loss,loss_rate,e2e_ms_p50,p95,p99,e2e_ms,e2e_ms_p95,e2e_ms_p99
embed_hls_e2e_single,1024,6,6,0,0,1,1,bench_overlay_embed_hls_scheme_b.py,0,2.942,6,47190256,2.573,1,0,1,1,0,0.0000,2727.0,2727.0,2727.0,2727.0,2727.0,2727.0
embed_hls_e2e_single,1024,6,6,0,0,2,1,bench_overlay_embed_hls_scheme_b.py,0,1.012,6,47190256,0.725,1,0,1,1,0,0.0000,2840.0,2840.0,2840.0,2840.0,2840.0,2840.0
embed_hls_e2e_single,1024,6,6,0,0,3,1,bench_overlay_embed_hls_scheme_b.py,0,4.949,6,47190256,4.665,1,0,1,1,0,0.0000,4692.0,4692.0,4692.0,4692.0,4692.0,4692.0
embed_hls_e2e_single,1024,6,6,0,0,5,1,bench_overlay_embed_hls_scheme_b.py,0,2.077,6,47190256,1.739,1,0,1,1,0,0.0000,5908.0,5908.0,5908.0,5908.0,5908.0,5908.0
embed_hls_e2e_single,1024,9,9,0,0,1,1,bench_overlay_embed_hls_scheme_b.py,0,1.955,9,71489256,1.666,1,0,1,1,0,0.0000,7424.0,7424.0,7424.0,7424.0,7424.0,7424.0
embed_hls_e2e_single,1024,9,9,0,0,2,1,bench_overlay_embed_hls_scheme_b.py,0,0.977,9,71489256,0.668,1,0,2,2,0,0.0000,33848.0,36706.0,36706.0,33848.0,36706.0,36706.0
embed_hls_e2e_single,1024,9,9,0,0,3,1,bench_overlay_embed_hls_scheme_b.py,0,3.965,9,71489256,3.655,1,0,1,1,0,0.0000,10945.0,10945.0,10945.0,10945.0,10945.0,10945.0
embed_hls_e2e_single,1024,9,9,0,0,5,1,bench_overlay_embed_hls_scheme_b.py,0,1.930,9,71489256,1.598,1,0,1,1,0,0.0000,36124.0,36124.0,36124.0,36124.0,36124.0,36124.0
embed_hls_e2e_single,1024,12,12,0,0,1,1,bench_overlay_embed_hls_scheme_b.py,0,2.347,12,95797092,1.950,1,0,1,1,0,0.0000,10726.0,10726.0,10726.0,10726.0,10726.0,10726.0
embed_hls_e2e_single,1024,12,12,0,0,2,1,bench_overlay_embed_hls_scheme_b.py,0,2.509,12,95797092,1.990,1,0,1,1,0,0.0000,37574.0,37574.0,37574.0,37574.0,37574.0,37574.0
embed_hls_e2e_single,1024,12,12,0,0,3,1,bench_overlay_embed_hls_scheme_b.py,0,3.201,12,95797092,2.748,1,0,1,1,0,0.0000,13305.0,13305.0,13305.0,13305.0,13305.0,13305.0
embed_hls_e2e_single,1024,12,12,0,0,5,1,bench_overlay_embed_hls_scheme_b.py,0,1.556,12,95797092,1.195,1,0,2,2,0,0.0000,33293.0,37392.0,37392.0,33293.0,37392.0,37392.0
embed_hls_e2e_single,1024,15,15,0,0,1,1,bench_overlay_embed_hls_scheme_b.py,0,1.319,15,120095528,0.938,1,0,1,1,0,0.0000,15563.0,15563.0,15563.0,15563.0,15563.0,15563.0
embed_hls_e2e_single,1024,15,15,0,0,2,1,bench_overlay_embed_hls_scheme_b.py,0,3.405,15,120095528,3.092,1,0,2,2,0,0.0000,33230.0,34395.0,34395.0,33230.0,34395.0,34395.0
embed_hls_e2e_single,1024,15,15,0,0,3,1,bench_overlay_embed_hls_scheme_b.py,0,1.726,15,120095528,1.340,1,0,1,1,0,0.0000,16429.0,16429.0,16429.0,16429.0,16429.0,16429.0
embed_hls_e2e_single,1024,15,15,0,0,5,1,bench_overlay_embed_hls_scheme_b.py,0,2.637,15,120095528,2.209,1,0,1,1,0,0.0000,18505.0,18505.0,18505.0,18505.0,18505.0,18505.0
embed_hls_e2e_single,4096,6,6,0,0,1,1,bench_overlay_embed_hls_scheme_b.py,0,0.863,6,47190256,0.507,1,0,2,2,0,0.0000,35359.0,35431.0,35431.0,35359.0,35431.0,35431.0
embed_hls_e2e_single,4096,6,6,0,0,2,1,bench_overlay_embed_hls_scheme_b.py,0,2.859,6,47190256,2.534,1,0,1,1,0,0.0000,20348.0,20348.0,20348.0,20348.0,20348.0,20348.0
embed_hls_e2e_single,4096,6,6,0,0,3,1,bench_overlay_embed_hls_scheme_b.py,0,2.921,6,47190256,2.577,1,0,5,5,0,0.0000,39843.0,67686.0,67686.0,39843.0,67686.0,67686.0
embed_hls_e2e_single,4096,6,6,0,0,5,1,bench_overlay_embed_hls_scheme_b.py,0,5.143,6,47190256,4.720,1,0,3,3,0,0.0000,43431.0,67078.0,67078.0,43431.0,67078.0,67078.0
embed_hls_e2e_single,4096,9,9,0,0,1,1,bench_overlay_embed_hls_scheme_b.py,0,5.181,9,71489256,4.834,1,0,4,4,0,0.0000,43139.0,68728.0,68728.0,43139.0,68728.0,68728.0
embed_hls_e2e_single,4096,9,9,0,0,2,1,bench_overlay_embed_hls_scheme_b.py,0,3.223,9,71489256,2.788,1,0,1,1,0,0.0000,31039.0,31039.0,31039.0,31039.0,31039.0,31039.0
embed_hls_e2e_single,4096,9,9,0,0,3,1,bench_overlay_embed_hls_scheme_b.py,0,2.084,9,71489256,1.756,1,0,3,3,0,0.0000,64517.0,68617.0,68617.0,64517.0,68617.0,68617.0
embed_hls_e2e_single,4096,9,9,0,0,5,1,bench_overlay_embed_hls_scheme_b.py,0,3.203,9,71489256,2.888,1,0,1,1,0,0.0000,36043.0,36043.0,36043.0,36043.0,36043.0,36043.0
embed_hls_e2e_single,4096,12,12,0,0,1,1,bench_overlay_embed_hls_scheme_b.py,0,2.187,12,95797092,1.796,1,0,4,4,0,0.0000,50607.0,65631.0,65631.0,50607.0,65631.0,65631.0
embed_hls_e2e_single,4096,12,12,0,0,2,1,bench_overlay_embed_hls_scheme_b.py,0,2.182,12,95797092,1.774,1,0,1,1,0,0.0000,38124.0,38124.0,38124.0,38124.0,38124.0,38124.0
embed_hls_e2e_single,4096,12,12,0,0,3,1,bench_overlay_embed_hls_scheme_b.py,0,2.567,12,95797092,2.175,1,0,3,3,0,0.0000,66730.0,66833.0,66833.0,66730.0,66833.0,66833.0
embed_hls_e2e_single,4096,12,12,0,0,5,1,bench_overlay_embed_hls_scheme_b.py,0,3.441,12,95797092,3.032,1,0,1,1,0,0.0000,44193.0,44193.0,44193.0,44193.0,44193.0,44193.0
embed_hls_e2e_single,4096,15,15,0,0,1,1,bench_overlay_embed_hls_scheme_b.py,0,3.181,15,120095528,2.876,1,0,5,5,0,0.0000,55525.0,72167.0,72167.0,55525.0,72167.0,72167.0
embed_hls_e2e_single,4096,15,15,0,0,2,1,bench_overlay_embed_hls_scheme_b.py,0,5.660,15,120095528,5.173,1,0,2,2,0,0.0000,57952.0,75936.0,75936.0,57952.0,75936.0,75936.0
embed_hls_e2e_single,4096,15,15,0,0,3,1,bench_overlay_embed_hls_scheme_b.py,0,4.851,15,120095528,4.357,1,0,3,3,0,0.0000,75533.0,77521.0,77521.0,75533.0,77521.0,77521.0
embed_hls_e2e_single,4096,15,15,0,0,5,1,bench_overlay_embed_hls_scheme_b.py,0,4.309,15,120095528,3.330,1,0,1,1,0,0.0000,56675.0,56675.0,56675.0,56675.0,56675.0,56675.0
embed_hls_e2e_single,65536,6,6,0,0,1,1,bench_overlay_embed_hls_scheme_b.py,0,5.034,6,47190256,4.715,1,0,1,1,0,0.0000,61068.0,61068.0,61068.0,61068.0,61068.0,61068.0
embed_hls_e2e_single,65536,6,6,0,0,2,1,bench_overlay_embed_hls_scheme_b.py,0,3.335,6,47190256,2.956,1,0,1,1,0,0.0000,64031.0,64031.0,64031.0,64031.0,64031.0,64031.0
embed_hls_e2e_single,65536,6,6,0,0,3,1,bench_overlay_embed_hls_scheme_b.py,0,2.822,6,47190256,2.536,1,0,1,1,0,0.0000,83185.0,83185.0,83185.0,83185.0,83185.0,83185.0
embed_hls_e2e_single,65536,6,6,0,0,5,1,bench_overlay_embed_hls_scheme_b.py,0,1.167,6,47190256,0.858,1,0,1,1,0,0.0000,67300.0,67300.0,67300.0,67300.0,67300.0,67300.0
embed_hls_e2e_single,65536,9,9,0,0,1,1,bench_overlay_embed_hls_scheme_b.py,0,2.384,9,71489256,2.073,1,0,1,1,0,0.0000,67029.0,67029.0,67029.0,67029.0,67029.0,67029.0
embed_hls_e2e_single,65536,9,9,0,0,2,1,bench_overlay_embed_hls_scheme_b.py,0,1.948,9,71489256,1.493,1,0,4,4,0,0.0000,78305.0,86583.0,86583.0,78305.0,86583.0,86583.0
embed_hls_e2e_single,65536,9,9,0,0,3,1,bench_overlay_embed_hls_scheme_b.py,0,1.975,9,71489256,1.636,1,0,1,1,0,0.0000,71382.0,71382.0,71382.0,71382.0,71382.0,71382.0
embed_hls_e2e_single,65536,9,9,0,0,5,1,bench_overlay_embed_hls_scheme_b.py,0,1.893,9,71489256,1.621,1,0,1,1,0,0.0000,71908.0,71908.0,71908.0,71908.0,71908.0,71908.0
embed_hls_e2e_single,65536,12,12,0,0,1,1,bench_overlay_embed_hls_scheme_b.py,0,4.272,12,95797092,3.894,1,0,1,1,0,0.0000,76460.0,76460.0,76460.0,76460.0,76460.0,76460.0
embed_hls_e2e_single,65536,12,12,0,0,2,1,bench_overlay_embed_hls_scheme_b.py,0,1.948,12,95797092,1.640,1,0,2,2,0,0.0000,76006.0,94392.0,94392.0,76006.0,94392.0,94392.0
embed_hls_e2e_single,65536,12,12,0,0,3,1,bench_overlay_embed_hls_scheme_b.py,0,3.037,12,95797092,2.669,1,0,1,1,0,0.0000,77938.0,77938.0,77938.0,77938.0,77938.0,77938.0
embed_hls_e2e_single,65536,12,12,0,0,5,1,bench_overlay_embed_hls_scheme_b.py,0,2.988,12,95797092,2.201,1,0,3,3,0,0.0000,90719.0,97429.0,97429.0,90719.0,97429.0,97429.0
embed_hls_e2e_single,65536,15,15,0,0,1,1,bench_overlay_embed_hls_scheme_b.py,0,3.069,15,120095528,2.705,1,0,1,1,0,0.0000,81094.0,81094.0,81094.0,81094.0,81094.0,81094.0
embed_hls_e2e_single,65536,15,15,0,0,2,1,bench_overlay_embed_hls_scheme_b.py,0,5.873,15,120095528,5.486,1,0,1,1,0,0.0000,82345.0,82345.0,82345.0,82345.0,82345.0,82345.0
embed_hls_e2e_single,65536,15,15,0,0,3,1,bench_overlay_embed_hls_scheme_b.py,0,3.690,15,120095528,2.981,1,0,1,1,0,0.0000,81143.0,81143.0,81143.0,81143.0,81143.0,81143.0
embed_hls_e2e_single,65536,15,15,0,0,5,1,bench_overlay_embed_hls_scheme_b.py,0,3.351,15,120095528,2.977,1,0,4,4,0,0.0000,100947.0,110418.0,110418.0,100947.0,110418.0,110418.0
